DATE: ,2017-09-09
TIME: ,14:55:39
COMMAND:,"Namespace(model='All_dataModel.mat', query=['Tiplasmidsequence.fasta'], target_sequence='Virb6.fa')"
Tiplasmidsequence.fasta NCBI INFO:,"AF242881.1 Agrobacterium tumefaciens octopine-type Ti plasmid, complete sequence"
guide sequence,position,target sequence,dee gee,partition
ATTGGAGGCAGTTACTGGAG,156630,ATTGGAGGCAGTTACTGGAG,-9.52,99.6824011337
TACCCGCAGCGGTATCACTC,156002,TACCCGCAGCGGTATCACTC,-9.52,99.6481994751
CAGGGTATTTTAGTCATACG,155970,CAGGGTATTTTAGTCATACG,-9.52,99.6023257419
TCGTTGTTGCTCTAATTGTT,156040,TCGTTGTTGCTCTAATTGTT,-9.52,99.5975670394
CACTCTTTGGATTATTGTTC,155951,CACTCTTTGGATTATTGTTC,-9.42,99.5969241859
GGCGAAGTCGATACCCGCAG,155991,GGCGAAGTCGATACCCGCAG,-9.52,99.5718447278
ATACCCGCAGCGGTATCACT,156001,ATACCCGCAGCGGTATCACT,-9.42,99.5582223744
GGCTAACTACCAAGACTATG,156065,GGCTAACTACCAAGACTATG,-9.52,99.5532446141
GTTCAGCAGTTTAGTGTAAC,156120,GTTCAGCAGTTTAGTGTAAC,-9.52,99.5226529978
GCAATCGCCGGCAACATTGG,156615,GCAATCGCCGGCAACATTGG,-9.52,99.5032616615
ACTCTTTGGATTATTGTTCA,155952,ACTCTTTGGATTATTGTTCA,-9.52,99.5005042401
CACCTTTGCCGGTACGACCG,156521,CACCTTTGCCGGTACGACCG,-9.52,99.4974634003
TGCTTTCCAAGGGGCACAGT,156254,TGCTTTCCAAGGGGCACAGT,-9.52,99.4636138291
TGATCGCCTGTGTCACTCTT,155938,TGATCGCCTGTGTCACTCTT,-9.32,99.4053964238
ATCGGGCAACTTATCACCTA,156414,ATCGGGCAACTTATCACCTA,-9.52,99.4024878448
GATGCTTGAGACTATCCAGG,155900,GATGCTTGAGACTATCCAGG,-9.52,99.3969772186
GGACATCCTTGCTTTCCAAG,156245,GGACATCCTTGCTTTCCAAG,-9.52,99.3837191432
CTCGATGCTTGAGACTATCC,155897,CTCGATGCTTGAGACTATCC,-9.32,99.2510189065
GCAACATTGGAGGCAGTTAC,156625,GCAACATTGGAGGCAGTTAC,-9.32,99.1958087022
CGCTTCGCTCAGGTTGAACG,156684,CGCTTCGCTCAGGTTGAACG,-9.52,99.1296657035
CGGTATCACTCGGGTGATCA,156011,CGGTATCACTCGGGTGATCA,-9.52,99.1266964535
ATCGGGCCTCTGATTCTTGT,156351,ATCGGGCCTCTGATTCTTGT,-9.32,99.1240974123
GCAGACTGTTCCGGCACAGT,156152,GCAGACTGTTCCGGCACAGT,-9.32,99.1101410563
GATATATTTTTGATCGCACG,156373,GATATATTTTTGATCGCACG,-9.42,99.0887229524
GGGTCCTTTACGGCACGCTC,156274,GGGTCCTTTACGGCACGCTC,-9.52,99.0823964315
GCTTCTCCTCTTAAACCTCG,156443,GCTTCTCCTCTTAAACCTCG,-9.52,99.0786713601
ACATCGCAGCGAAGTGGATC,156397,ACATCGCAGCGAAGTGGATC,-9.52,99.073275349
GACATCGCAGCGAAGTGGAT,156396,GACATCGCAGCGAAGTGGAT,-9.42,99.0621660031
GTCGCTTTGCCGGCAATCGC,156603,GTCGCTTTGCCGGCAATCGC,-9.52,99.0603418559
CTTGGTGTAATCACCTTTGC,156510,CTTGGTGTAATCACCTTTGC,-9.52,99.0436790444
CAGAAAATCGCATCCGAAAT,156207,CAGAAAATCGCATCCGAAAT,-9.52,99.0347392979
GCTTGAGACTATCCAGGAGG,155903,GCTTGAGACTATCCAGGAGG,-9.52,99.0345333249
GGGGCACAGTGGGTCCTTTA,156264,GGGGCACAGTGGGTCCTTTA,-9.52,99.0030353975
CAGGACATCCTTGCTTTCCA,156243,CAGGACATCCTTGCTTTCCA,-9.42,98.9232194125
GTCGCTTCGCTCAGGTTGAA,156682,GTCGCTTCGCTCAGGTTGAA,-9.42,98.9169583381
TGCGCTCATTGTCGCTTTGC,156593,TGCGCTCATTGTCGCTTTGC,-9.52,98.896204462
CGAAAGTGCTTCTCGCGATC,156334,CGAAAGTGCTTCTCGCGATC,-9.52,98.8882940066
TGTTGCTCTAATTGTTGGGC,156044,TGTTGCTCTAATTGTTGGGC,-9.52,98.8454230637
CCGGCAATCGCCGGCAACAT,156612,CCGGCAATCGCCGGCAACAT,-9.32,98.8140170905
GGTTTCCATCTTCGAAAAGA,156086,GGTTTCCATCTTCGAAAAGA,-9.52,98.7908269862
CGATATGTTTTTTCTGACAG,156569,CGATATGTTTTTTCTGACAG,-9.32,98.7269872534
TCGATATGTTTTTTCTGACA,156568,TCGATATGTTTTTTCTGACA,-9.42,98.7148135366
CTTGCCTCTGCAGACTGTTC,156143,CTTGCCTCTGCAGACTGTTC,-9.52,98.4474767874
TTCGATGTAGCCTTCACGAC,155868,TTCGATGTAGCCTTCACGAC,-9.52,98.3605708845
TGTAGCCTTCACGACAGGCT,155873,TGTAGCCTTCACGACAGGCT,-9.32,98.2705512098
TCGCTTCGCTCAGGTTGAAC,156683,TCGCTTCGCTCAGGTTGAAC,-9.42,98.1748758897
TACAATTTTCGCCGTGACCC,156176,TACAATTTTCGCCGTGACCC,-9.52,98.1489901422
CTCGATATGTTTTTTCTGAC,156567,CTCGATATGTTTTTTCTGAC,-9.42,98.0692036327
CGCGGGACATCGCAGCGAAG,156391,CGCGGGACATCGCAGCGAAG,-9.32,97.9807496271
ACTGCGCTCACCCTCATGCT,156492,ACTGCGCTCACCCTCATGCT,-9.52,97.9448668668
CACGATTCCGGCGCCGTTTA,155831,CACGATTCCGGCGCCGTTTA,-9.52,97.8223388786
ATATATTTTTGATCGCACGC,156374,ATATATTTTTGATCGCACGC,-9.32,97.8170463226
ACGACCGCGGCCAAGATCAT,156534,ACGACCGCGGCCAAGATCAT,-9.52,97.683308907
AGGACATCCTTGCTTTCCAA,156244,AGGACATCCTTGCTTTCCAA,-9.42,97.5339386813
CTTGTACCGTCGCTTCGCTC,156674,CTTGTACCGTCGCTTCGCTC,-9.52,97.4357198134
TTCGGAGTCTACGACGCCGT,156303,TTCGGAGTCTACGACGCCGT,-9.32,97.2930371759
TTGCTTTCCAAGGGGCACAG,156253,TTGCTTTCCAAGGGGCACAG,-9.42,96.7769262288
AATCGGTCCGATGAACGACC,156224,AATCGGTCCGATGAACGACC,-9.32,96.6928327607
ATCGTTGTTGCTCTAATTGT,156039,ATCGTTGTTGCTCTAATTGT,-9.42,95.616998436
ACGAAAGTGCTTCTCGCGAT,156333,ACGAAAGTGCTTCTCGCGAT,-9.42,92.3768885087
GGCACGCTCTGGTCTGCCTT,156285,GGCACGCTCTGGTCTGCCTT,-9.32,65.0850302672
