DATE: ,2017-09-14
TIME: ,23:24:27
COMMAND:,"Namespace(model='All_dataModel.mat', query=['AgroGenome_GCA_000971565.1_ASM97156v1_genomic.fna', 'pCAMBIA1305.1.fa', 'pCas9-CR4.fa'], target_sequence='virD2.fa')"
AgroGenome_GCA_000971565.1_ASM97156v1_genomic.fna NCBI INFO:,"CP011246.1 Agrobacterium tumefaciens strain Ach5 chromosome circular, complete sequence"
pCAMBIA1305.1.fa NCBI INFO:,"pCAMBIA1305.1.dna  (11,847 bp)    Accession: AF354045"
pCas9-CR4.fa NCBI INFO:,pCas9-CR4
guide sequence,position,target sequence,dee gee,partition
CGTCCAAAATCCCTGTAATT,5644122,CGTCCAAAATCCCTGTAATT,-9.52,90.4227011792
TCATCCACATTTACATGTCG,5643646,TCATCCACATTTACATGTCG,-9.52,87.3594835403
GCCCGTTTCCAGGAGTCCGC,5644031,GCCCGTTTCCAGGAGTCCGC,-9.52,84.7770345824
AATGGGCAGCCGAGATGTTT,5643567,AATGGGCAGCCGAGATGTTT,-9.52,84.7334796404
GGCTGCGCAAGTTGATTCCG,5644324,GGCTGCGCAAGTTGATTCCG,-9.52,84.7313919648
GCGTCCAAAATCCCTGTAAT,5644121,GCGTCCAAAATCCCTGTAAT,-9.42,84.2721620288
TGCCCAAAGCTGGGTTACGG,5643427,TGCCCAAAGCTGGGTTACGG,-9.52,84.2261090987
ATGTTTGGGTCAGGATACGG,5643581,ATGTTTGGGTCAGGATACGG,-9.52,82.179338226
CATCCCCAGCTGAATTATGA,5643719,CATCCCCAGCTGAATTATGA,-9.52,81.9414527687
CAAAGCTGGGTTACGGAGGC,5643431,CAAAGCTGGGTTACGGAGGC,-9.42,81.3394046966
AGCAAACCGTAAAGGATTGA,5644303,AGCAAACCGTAAAGGATTGA,-9.52,80.5868239582
CCGTGAGCTTGCCCAAAGCT,5643418,CCGTGAGCTTGCCCAAAGCT,-9.52,77.7774917604
TCAGCAGATAATCAATCAGT,5643316,TCAGCAGATAATCAATCAGT,-9.32,77.6842012544
ACTTCGTCACGGCATAGTCC,5643769,ACTTCGTCACGGCATAGTCC,-9.32,76.2843154627
TGACCGTCACGATGGAGAAT,5644453,TGACCGTCACGATGGAGAAT,-9.42,76.1794615339
TTTGGGTCAGGATACGGGGG,5643584,TTTGGGTCAGGATACGGGGG,-9.52,76.1257165084
ATCAAAACGACGTAATGACG,5644264,ATCAAAACGACGTAATGACG,-9.32,75.8744499337
TTGGAGTACCTGTCCCGTAA,5643335,TTGGAGTACCTGTCCCGTAA,-9.32,75.2608089897
GTTGATTCCGAGGCAAATGT,5644334,GTTGATTCCGAGGCAAATGT,-9.52,74.351577137
TACATGTCGTGGTCAATCGT,5643657,TACATGTCGTGGTCAATCGT,-9.42,73.7396732677
TCAATCGTCGGGAACTTCTG,5643669,TCAATCGTCGGGAACTTCTG,-9.52,72.9711499993
GCAGAGATTTCACTTCGTCA,5643758,GCAGAGATTTCACTTCGTCA,-9.52,72.7569116585
ACGGGTGGCTGAAAATATCC,5643693,ACGGGTGGCTGAAAATATCC,-9.52,72.3843479963
GAGATGTTTGGGTCAGGATA,5643578,GAGATGTTTGGGTCAGGATA,-9.42,72.1629181509
GGTCAATCGTCGGGAACTTC,5643667,GGTCAATCGTCGGGAACTTC,-9.42,71.8681488033
GATGTTTGGGTCAGGATACG,5643580,GATGTTTGGGTCAGGATACG,-9.42,71.7705452375
TTTCGATCGGACCCATCTAC,5643959,TTTCGATCGGACCCATCTAC,-9.52,71.7577945349
CGTCACGATGGAGAATTGGG,5644457,CGTCACGATGGAGAATTGGG,-9.32,71.1492771803
TCCGTGAGCTTGCCCAAAGC,5643417,TCCGTGAGCTTGCCCAAAGC,-9.42,70.3922381148
TTATGAAGCCAGCCGGGAAT,5643550,TTATGAAGCCAGCCGGGAAT,-9.52,70.1994370943
AGATGTTTGGGTCAGGATAC,5643579,AGATGTTTGGGTCAGGATAC,-9.42,70.044110289
GTAATCATTCGCATTGTGCC,5643275,GTAATCATTCGCATTGTGCC,-9.32,69.8355288991
GCCAGCGTGCGCAAACGAAG,5644178,GCCAGCGTGCGCAAACGAAG,-9.52,69.3682797181
GGGAACTTCTGGGGCACGGG,5643678,GGGAACTTCTGGGGCACGGG,-9.52,69.2078316317
TGCGACTTCGCGAGCAGAAA,5643793,TGCGACTTCGCGAGCAGAAA,-9.42,68.5444838328
GTCGGGAACTTCTGGGGCAC,5643675,GTCGGGAACTTCTGGGGCAC,-9.52,68.4785107016
ATCCCTGTAATTGGGCATTT,5644130,ATCCCTGTAATTGGGCATTT,-9.42,68.4627431965
ATCATTCGCATTGTGCCAGG,5643278,ATCATTCGCATTGTGCCAGG,-9.52,68.4311970651
TGGAACTGCAGCGTTCAGCC,5643363,TGGAACTGCAGCGTTCAGCC,-9.52,67.7675534028
CGACGTAATGACGAGGAGGC,5644271,CGACGTAATGACGAGGAGGC,-9.52,67.2467001482
CCGCAGCTTATGAAGCCAGC,5643543,CCGCAGCTTATGAAGCCAGC,-9.42,66.9738241133
ATTATTGTAAGCTTCCCCGC,5643509,ATTATTGTAAGCTTCCCCGC,-9.52,66.9718328212
CGTCGGGAACTTCTGGGGCA,5643674,CGTCGGGAACTTCTGGGGCA,-9.42,66.3934265687
GCAGCCGAGATGTTTGGGTC,5643572,GCAGCCGAGATGTTTGGGTC,-9.32,66.0078769088
GCTTGCCCAAAGCTGGGTTA,5643424,GCTTGCCCAAAGCTGGGTTA,-9.32,65.7909812703
GATCCGGTGTCTGCTTCCAT,5644394,GATCCGGTGTCTGCTTCCAT,-9.52,65.3629317221
AAAGCTGGGTTACGGAGGCC,5643432,AAAGCTGGGTTACGGAGGCC,-9.32,64.9116062697
AGCTGAATTATGACGGCTTA,5643726,AGCTGAATTATGACGGCTTA,-9.32,64.7271542989
ATTCGCATTGTGCCAGGAGG,5643281,ATTCGCATTGTGCCAGGAGG,-9.32,64.4998086299
GACGAGGAGGCAGGTCCGAG,5644280,GACGAGGAGGCAGGTCCGAG,-9.32,63.2994070002
TCTCGATATTCCCGTTCCGC,5643388,TCTCGATATTCCCGTTCCGC,-9.32,62.9509971431
GGTGGACGCAAACGTGCAAG,5644475,GGTGGACGCAAACGTGCAAG,-9.52,61.6133585515
GTCAATCGTCGGGAACTTCT,5643668,GTCAATCGTCGGGAACTTCT,-9.42,61.4864593455
TCCCTGTAATTGGGCATTTC,5644131,TCCCTGTAATTGGGCATTTC,-9.32,61.0397855467
GTTGGAGTACCTGTCCCGTA,5643334,GTTGGAGTACCTGTCCCGTA,-9.42,60.9338642875
AAAACGACGTAATGACGAGG,5644267,AAAACGACGTAATGACGAGG,-9.52,60.3161805258
GCGACTTCGCGAGCAGAAAG,5643794,GCGACTTCGCGAGCAGAAAG,-9.32,59.6826281712
CGCAGCTTATGAAGCCAGCC,5643544,CGCAGCTTATGAAGCCAGCC,-9.32,59.228397948
GCGTATCATTGGAGAGCGAG,5644083,GCGTATCATTGGAGAGCGAG,-9.32,59.0652372058
TTTTGATGAGACCTCGCCTG,5643901,TTTTGATGAGACCTCGCCTG,-9.32,57.2890603564
CCTCGCCTGAGGAAGATCGT,5643912,CCTCGCCTGAGGAAGATCGT,-9.42,56.7492007016
CACTCGCGATGACAGCAACA,5644366,CACTCGCGATGACAGCAACA,-9.52,56.0877927736
TCGCCGCCTTGAGCGGATGC,5643850,TCGCCGCCTTGAGCGGATGC,-9.52,55.8265274722
AAAGTCAGTCAGACGATGAT,5643465,AAAGTCAGTCAGACGATGAT,-9.52,54.8017676947
CTTATGAAGCCAGCCGGGAA,5643549,CTTATGAAGCCAGCCGGGAA,-9.42,54.415628066
TGACGGCTTACGGAAAAAGA,5643736,TGACGGCTTACGGAAAAAGA,-9.52,53.5093329238
GACCGTCACGATGGAGAATT,5644454,GACCGTCACGATGGAGAATT,-9.52,53.3729487015
ACATGTCGTGGTCAATCGTC,5643658,ACATGTCGTGGTCAATCGTC,-9.32,52.4831351696
CCTGTCCCGTAAGGGAAAGC,5643343,CCTGTCCCGTAAGGGAAAGC,-9.32,51.5961086953
CGCACGGATCCGCGTATCAT,5644072,CGCACGGATCCGCGTATCAT,-9.32,51.0174961852
GAGGTAATCGTCGCGACGAT,5644494,GAGGTAATCGTCGCGACGAT,-9.52,50.9210991158
ATCGTTCGATCCATTTCGAT,5643946,ATCGTTCGATCCATTTCGAT,-9.32,50.2721890343
GAATGGGCAGCCGAGATGTT,5643566,GAATGGGCAGCCGAGATGTT,-9.42,49.8644067384
CCAGCATCAAAGCCGACGCA,5644056,CCAGCATCAAAGCCGACGCA,-9.32,49.804696292
TCGCGATGACAGCAACAAGG,5644369,TCGCGATGACAGCAACAAGG,-9.52,49.6996558052
CATTTTCGGTACTTCTCGCC,5644201,CATTTTCGGTACTTCTCGCC,-9.52,48.4387895475
TCGTCGCGACGATGGGCGCG,5644501,TCGTCGCGACGATGGGCGCG,-9.42,47.9647810574
CCGAGCGGAGCAAACCGTAA,5644295,CCGAGCGGAGCAAACCGTAA,-9.32,47.4131471965
ATGCGACTTCGCGAGCAGAA,5643792,ATGCGACTTCGCGAGCAGAA,-9.42,47.0380643321
TGAACAGCACGCCCGTTTCC,5644021,TGAACAGCACGCCCGTTTCC,-9.32,46.6490500578
CAGCAACAAGGCGGCTGATC,5644378,CAGCAACAAGGCGGCTGATC,-9.52,45.8344979708
GTCGCGACGATGGGCGCGGG,5644503,GTCGCGACGATGGGCGCGGG,-9.32,45.5273951348
AATCGTCGCGACGATGGGCG,5644499,AATCGTCGCGACGATGGGCG,-9.42,44.241040901
GGACCCATCTACCGGCGAAC,5643967,GGACCCATCTACCGGCGAAC,-9.32,41.5542845756
ATCGTCGCGACGATGGGCGC,5644500,ATCGTCGCGACGATGGGCGC,-9.42,40.5704617509
CGCAAACGAAGCGGCATTTT,5644187,CGCAAACGAAGCGGCATTTT,-9.52,40.3117699415
AGAGGTAATCGTCGCGACGA,5644493,AGAGGTAATCGTCGCGACGA,-9.42,40.3012974166
CTGAACATCGCCGCCTTGAG,5643843,CTGAACATCGCCGCCTTGAG,-9.32,39.4406762868
TTCCATCGGTACCGAGCAAC,5644408,TTCCATCGGTACCGAGCAAC,-9.32,38.7420346331
CTCGCCTGAGGAAGATCGTC,5643913,CTCGCCTGAGGAAGATCGTC,-9.32,37.8136425978
CGTCGCGACGATGGGCGCGG,5644502,CGTCGCGACGATGGGCGCGG,-9.42,35.0265729892
CGTCCGCGTGACCGTCACGA,5644445,CGTCCGCGTGACCGTCACGA,-9.32,30.8674106596
